text,sentiment
"@CaioNaza @emirsader Voc√™ continua encantado pelo canto da burguesia. N√£o √© para menos, a culpa n√£o √© sua, eles dom‚Ä¶ https://t.co/PtPKW8ZkLv",negative
" Ap√≥s humilha√ß√£o em Bag√©, Santa Maria tamb√©m escorra√ßa¬†Lula https://t.co/of0zXRFNKS https://t.co/MzEplqxcv9",negative
 Ataques terroristas a Lula s√£o consequ√™ncia l√≥gica da Lava Jato https://t.co/sX1sD07mj6,negative
 #ResistaRosaWeber  N√£o atenda e n√£o receba ningu√©m at√© a reuni√£o de amanh√£. https://t.co/PH4SXRAipH,negative
" essa √© a manuela, uma jornalista e pol√≠tica. defende os direitos das mulheres, sociedade lgbtq+, negros, e todos os grupos q‚Ä¶",positive
 o lula t√° s√≥ o pr√≥prio kendrick lamar nessa fotoincr√≠vel https://t.co/06M6mbb9yW,positive
" Amanh√£, o STF decide quanto a se enterrar de vez ou ainda se manter respirando. Institucionalmente, por√©m, j√° acabou.‚Ä¶",negative
"@zehdeabreu Teu comunista de merda ladr√£o , Espera qu√™ logo teu pai Lula vai ser preso.",negative
" No com√≠cio ilegal que fez em Santa Maria, Lula disse que os fazendeiros ‚Äút√™m dois prazeres: quando recebem o dinheiro‚Ä¶",negative
 @ghisimoes @AcordouAcordou @UOLPolitica @UOL Quando l√™: O pt manter√°...entenda: Lula decidiu.,positive
 Lula no Sul O ladr√£o chegou https://t.co/hpGe6JqJha,negative
 Lula ofende todos os cidad√£os de bem e fica por isso mesmo? https://t.co/z9pBuTH3iP,negative
" Rosa Weber ser√° 24h pressionada para votar a favor do HC de Lula. Ela est√° disposta a votar contra, respeitando a jurisprud√™‚Ä¶",negative
 A presidente do PT protesta porque grupos contr√°rios ao PT est√£o tirando o direito de ir e vir de Lula e Dilma. Quan‚Ä¶,negative
" No STF, HC de Lula, solto, passa na frente de HC de Palocci, preso. A regra √© casos de r√©us presos terem prioridade. https://‚Ä¶",negative
Kenaldinho apanhando mais q o boneco do Lula #Verdao #Palmeiras,negative
" Lula √© um l√≠der popular e carism√°tico, √© sim, amiguinho. Veja ;-) https://t.co/suPUXT38FA",positive
"Ou o cara √© mau car√°ter ou √© mau informado:Fachin explicou: ‚ÄúFoi pautado, mas foi ADIADO A PEDIDO DA DEFESA. https://t.co/ledCAKBVGm",negative
Linda e lindo! https://t.co/9vKeASTqnL https://t.co/9vKeASTqnL,positive
 Manifestoches expulsos... Direita que perdeu 4 elei√ß√µes seguidas para o PT √© enxotada de caravana de Lula em Santa Maria-RS.‚Ä¶,negative
 N√£o deixe de ler: A jogada chicaneira de C√°rmen L√∫cia para prender Lula https://t.co/dPKQtHcXHU,negative
 dono da globo est√° em bras√≠lia para obrigar o stf a prender LULA!üòé,negative
"um perfil com a foto da Ariana Grande (????) nada contra amo ela, pena √© voc√™ usar a foto dela pra vomitar palavras‚Ä¶ https://t.co/5ZejUT5PHQ",negative
" Vaias para Lula em S√£o Borja : ‚ÄúLadr√£o , fdp, bandido , vagabundo safado ! ‚Äú  #LulaNaCadeia https://t.co/8DybWSjcKB",negative
 Globo divulgou caravanaMas silenciou sobre a vergonha que Lula passou em Bag√© e Santa MariaRecep√ß√£o humilhante para Lu‚Ä¶,negative
" Carmen acertou em pautar o HC de Lula. Desta forma, os defensores de Lula ter√£o que mostrar sua cara.",positive
" Em Santa Maria, idoso que protestava contra Lula √© brutalmente agredido por petistas e integrantes da¬†CUT https://t.co/2xKG‚Ä¶",negative
 &gt;&gt;ASSIM ESTA SENDO TRATADA A NOSSA JUSTI√áA PELO CAFAJESTE LULA.&lt;&lt;üòéüáßüá∑üáßüá∑üáßüá∑ https://t.co/QGSPRt94cm,negative
"@vitoriapitaluga @DarlanChess @juliano_soares_ Eu sou pobre e n√£o me fa√ßo de v√≠tima, mas preciso reconhecer que gra‚Ä¶ https://t.co/BdbSKMqrNY",negative
 Agora fala mais Agnaldo Tim√≥teo....falaaa cantor babaca https://t.co/RNwLvWwUAP,negative
@RdChapeco @vidaletti O Lula ladr√£o se fudeu.üòâüòÇüòâüòÇüòâüòÇüòâüòÇüòâüòÇüòâüòÇ,negative
 Lula leva corrid√£o em Passo Fundo. H√° um Brasil que √© muito melhor que o STF https://t.co/e67n5xqQjc,positive
Sergio Moro proibe Lula de concorrer a cargos p√∫blicos por 19 anos https://t.co/sYta8LzpcT,negative
 Lula fugindo de helic√≥ptero de Bag√© porque estava cercado pela popula√ß√£o.Lula passando correndo com recep√ß√£o hostil em‚Ä¶,negative
#STFVergonhaNacional O POVO vai ensinar Lula qual √© o seu lugar.Lugar de bandido √© na cadeia,negative
" Lula chegou ao poder explorando a esperan√ßa e boa f√© dos mais pobres e humildes. Mentiu, roubou e ficou milion√°rio https://t.‚Ä¶",negative
 Chapec√≥ protesta contra Lula https://t.co/7J6K22rxrk,negative
" Cancelada, proibida a Entrada do Lula e seus companheiros na Cidade de Passou Fundo/RSPASSO FUNDO/RS -  NO CORA√á√ÉO DOS BRA‚Ä¶",negative
" Legalidade, Impessoalidade, Moralidade, Publicidade, Eficiencia s√£o princ√≠pios expl√≠citos na Constitui√ßao da Republica. M‚Ä¶",positive
" Numa democracia, amea√ßas contra a integridade f√≠sica de dois ex-presidentes da Rep√∫blica por parte de mil√≠cias armadas de e‚Ä¶",negative
 üîÖMinistros do STF que est√£o desesperados para impedir a todo custo a pris√£o de Lula est√£o deixando claro que a Toga est√° suja‚Ä¶,negative
 N√£o vamos aceitar o @STF_oficial jogar uma boia salva vidas para o Lula. BASTA! Queremos JUSTI√áA! #OcupaSTF,positive
" Teu direito de ir e vir, assim como o de Lula, acabar√° assim que voc√™s forem pra cadeia. Tudo √© mentira. Voc√™s s√≥ querem √©‚Ä¶",negative
 @deltanmd O TRF4 estava correto ao passar por cima de v√°rios outros processos para julgar com celeridade fora do comum o‚Ä¶,positive
Gostei de um v√≠deo @YouTube https://t.co/ionQXOO7EL GLOBO DA AS CARTAS E DATA PRA PRENDER LULA O PROTOCOLO DO STF E CARMEN L√öCIA,positive
" linda, vai ter que ser no bolso msm https://t.co/uhqDASYaL1",positive
" N√ìS AMAMOS O SULüíöüíõüòúS√£o Vicente do Sul faz uma ‚Äúbela‚Äù recep√ß√£o para Lula o CONDENADO.Eles n√£o est√£o acreditando, vai ter‚Ä¶",positive
" GLEISI HOFFMANN dizAin, primeiro dia da Caravana #LulaPeloSul foi um sucessoTeve:-povo botando MST pra correr-‚Ä¶",positive
 Saiu pela Porta dos FundosPovo de Bag√©-RS p√µe Lula e MST para correr.Assim deve ser tratados todos os bandidos corrupt‚Ä¶,negative
 VUADEN ROUBOU MAIS QUE O LULA,negative
" Enqto a imprensa foca em Lula, protesto contra D√≥ria q pretendia confiscar sal√°rio dos func. p√∫b/SP √± √© divulgado@alexan‚Ä¶",negative
" e faz acordo pol√≠tico com partidos da direita, defende interesses pol√≠ticos com latifundi√°rios que assassinam camponeses e in‚Ä¶",negative
@anaamelialemos Fica a dica: Processa Lula.,negative
" #ResistaCarmenLucia Sabemos q alguns ministros querem livrar Lula e consequentemente traficantes, assassinos, ped√≥filos‚Ä¶",negative
 Lula diz que √© um absurdo que o S√©rgio Cabral eleito democraticamente esteja preso pq roubou do povo brasileiro. E el‚Ä¶,negative
"Derrota do mata-j√° a Lula deixa a direita mais louca de √≥dio - TIJOLA√áO | ‚ÄúA pol√≠tica, sem pol√™mica, √© a arma das‚Ä¶ https://t.co/zRdT3x1J6s",negative
 O perigo de um pa√≠s sem lei O povo passa a fazer justi√ßa √înibus de Lula √© recebido com chuva de pedras e ovos em Santo √Ç‚Ä¶,negative
" como outras cidades xingam o Lula:  - lula ladr√£o, corrupto etc  Chapec√≥ xingando o Lula: https://t.co/18hkgRF5f7",negative
"Vamos juntos, BRASIL!  O momento exige uni√£o! Lula tem a Suprema Corte na m√£o! Temos que fazer a maior manifesta√ß√£o‚Ä¶ https://t.co/e4zCsQUINs",positive
" A seguran√ßa e as armas de Lula: os bra√ßos do povo. Foi uma escolta popula para sair do ato em Chapec√≥! Lindo, emocionant‚Ä¶",positive
S√£o Borja saudou a mandioca por Dilma e cantou pra Lula https://t.co/t0BaTLKZdo via @YouTube,positive
Lula tocou seu cajado no ch√£o e abriu as √°guas do Mar Supremo mesmo. √â um monstro! (by Ismael Benigno) https://t.co/Nj3ykYSbxn,positive
 Povo pediu Lula na cadeia na Pra√ßa XV em Florian√≥polis SC https://t.co/OeYtMNaAFC,negative
 Lula e sua comitiva est√£o encurralados no hotel desbravador em Chapec√≥/SC  #LulaLadrao https://t.co/k8FeKYuvVt,negative
 Manifestantes protestam em frente ao hotel onde Lula j√° est√° no centro de Chapec√≥. https://t.co/DgR5f6tvgK,negative
Nem perco tempo assistindo. https://t.co/JJ4HYsHRIR,negative
"  Estou sendo crucificado , diz Marco Aur√©lio ap√≥s suspens√£o de julgamento sobre Lula https://t.co/9CIIzuMlYK https://t.co/THq2Pw‚Ä¶",negative
@pavlistarvm Se fosse o filme do Lula ele falaria que foi dormir sentindo orgasmo e acordou molhado,positive
Quando que vou poder fazer campanha do Bolsonaro ao vivo pra ti? HSKSHDJ ‚Äî o dia em que eu estiver preparada com um‚Ä¶ https://t.co/i4JYMoCbct,positive
" O PT convocou as suas mil√≠cias para Chapec√≥, e os bandidos est√£o agredindo pessoas contr√°rias a Lula na cidade. Essa c‚Ä¶",negative
" N√£o h√° ‚Äútratamento especial‚Äù pra Lula, mas sim pra todos os corruptos!! STF nunca foi na minha exist√™ncia pra proteger‚Ä¶",negative
"Lula ladr√£o, roubou meu cora√ß√£o ‚Äî entend√≠ nd kkkkk https://t.co/Z3UV3Nyj1G",negative
" Senhores:  O desordeiro Lula da Silva est√° tentando criar um caos no pa√≠s, a premissa dele √© gerar desordem a qualquer cu‚Ä¶",negative
" Marco Aur√©lio Mello reclama que est√° sendo  crucificado  por ter pedido o encerramento da sess√£o,  o que garantiu a lib‚Ä¶",negative
"N√£o foi a MIDIA que plantou o √≥dio √†s esquerdas, foram as esquerdas, o PT E LULA, que INSUFLOU O ODIO E SEPAROU O P‚Ä¶ https://t.co/XPiy5EdET5",negative
 @Rldeja For√ßa S√£o Miguel do Oeste! O Sul quer Lula na cadeia!,positive
 Lula ficou preso no hotel em Chapec√≥  https://t.co/GZZaZdMlxN,negative
 O STF deixou Bolsonaro mais pr√≥ximo da presid√™ncia | no @sensoinc: https://t.co/YwkvKrG3N2 https://t.co/aICxydLuSJ,positive
 Lula manda recado importante aos fascistas: o √≥dio n√£o leva a nada https://t.co/9lz0SpOVgl,negative
Defesa de Lula divulga provas de que Lava Jato violou a soberania nacional e trabalhou ilegalmente para o governo d‚Ä¶ https://t.co/SLita60mjx,negative
" Retweeted Maria do Rosario (@mariadorosario):  Em S√£o Leopoldo, ato final da vitoriosa caravana de @LulapeloBrasil pel‚Ä¶",positive
 ACABANDO A FARRA DE CURITIBA! Segunda Turma do STF muda decis√£o de Fachin e d√° a Lula acesso a processo negado por Moro FAR‚Ä¶,negative
 Floripa protesta contra Lula Isso aconteceu hoje mas a imprensa n√£o mostra https://t.co/fVmD82QZ04,negative
Isso a√≠ Catarinas!!! Esculacha esse cara!! https://t.co/5iCswrKIVK,positive
" Dilma Rousseff √© um ser humano que n√£o existe. Ver a alegria dela junto a Lula e Mujica na constante luta pela Democracia,‚Ä¶",positive
" Dizimaram nossos direitos trabalhistas, querem acabar com nossa aposentadoria, est√£o privatizando nossas estatais a pre√ß‚Ä¶",negative
 Nao iremos permitir um condenado da justi√ßa por corrup√ß√£o e crime organizado debochando junto com o STF do povo. https:‚Ä¶,negative
" @CongressoPodre Demorou, mas, a decis√£o stf a favor do Lula, ladr√£o genocida fez a sociedade entender que os inimigos m‚Ä¶",negative
Ha ha ha pensa que Lula tem medo de amea√ßas? A escolta do Lula √© o povo!  Recebaaaaa Aceitaaaaaa Respeita o papai!! https://t.co/cc99YWWqfu,positive
" Apesar de ter impedido a pris√£o de Lula, nem o STF pode mudar uma realidade: Lula √© ficha suja e n√£o pode concorrer √†‚Ä¶",negative
STF = Supremo Tribunal da Falsidade https://t.co/AdYSGUwD2I,negative
 O FOGO EST√Å CHEGANDO PR√ìXIMO DOS BARRIS DE P√ìLVORA E A BRIGADA DE COMBATE AO INC√äNDIO EST√Å EM GREVE!!! As artimanhas do S‚Ä¶,negative
" S√©rie Mecanismo: Soube por quem j√° assistiu, √© fato: Inventaram descaradamente que o √°udio de Juc√° foi com Lula.  √â revolta‚Ä¶",negative
" Lula √© recebido por uma multid√£o em na pra√ßa 15 de Novembro, em Florian√≥polis, iniciando a caravana #LulaPeloBrasil em Sant‚Ä¶",positive
@claudemirpe A Lei √© clara: ato politico-partid√°rio dentro de institui√ß√£o p√∫blica √© proibido. Mascarar como  encont‚Ä¶ https://t.co/p9sONygwBM,negative
Gostei de um v√≠deo @YouTube https://t.co/WXGu9rSL1f BRASILEIRA - STF e LULA,positive
 V√çDEO MUITO ESCLARECEDOR  Para quem n√£o entendeu quem s√£o as pessoas que fazem os protestos contra Lula no Sul https://t‚Ä¶,positive
 Eu percebi que o Bolsonaro era um fen√¥meno quando fui pra SALTO DO ITARAR√â - CU DO JUDAS - BRASIL e 90% da cidade vai votar no c‚Ä¶,positive
" Mostrou que √© dono do STF, depois d√° um passa-moleque no Deltan. Ele √© o rei do mundo. https://t.co/U5pPu0feqH",positive
 A melhor c√©lula,positive
 Retweeted jo√£o mikhail (@joomikhail):  IMPERDIVEL....LULA MANDA RECADO DIRETO PARA FASCISTAS DA DIREITA !!! Sigam o lide‚Ä¶,positive
Ao Vivo Lula lota Pra√ßa em Chapec√≥. Ao Vivo Lula lota Pra√ßa em Chapec√≥....https://t.co/gqNj8NdDjp https://t.co/zV9tINAhBp,positive
 Uma mulher que acompanhava a caravana de Lula no Sul foi hospitalizada ap√≥s levar chutes e socos de criminosos. Grande m‚Ä¶,negative
" #Entrevista | ‚ÄòLula √© o homem que pode levar adiante a reconcilia√ß√£o nacional‚Äô, diz Belluzzo. https://t.co/6LI6wcpIJl @Lulape‚Ä¶",positive
" V√°rias cidades do RS em que a caravana do condenado Lula, agora com INDULTO PASCAL, passou repudiaram a presen√ßa do petist‚Ä¶",negative
 Lula quer Haddad pronto para assumir candidatura https://t.co/1iduJqSUOg,positive
Gostei de um v√≠deo @YouTube https://t.co/cGI6m07xDo fizeram a comitiva do ex-presidente Lula cancelar a passagem pela,positive
"Hj a c√©lula foii maravilhosa, mt engra√ßada kkkkkkkk",positive
Esse Bolsonaro √© a cara do novo presidente do brasil ! https://t.co/sLII6igzfR,positive
Brasil quer Lula na cadeia!! https://t.co/vTkU71NKzI,negative
" Demorou, mas, a decis√£o stf a favor do Lula, ladr√£o genocida fez a sociedade entender que os inimigos mais danosos do p‚Ä¶",negative
Mas voc√™s s√£o burros ne https://t.co/IzjclCflv0,negative
"Lula, v√° descansar um pouco, relaxar... aproveite e assista a s√©rie nova da Netflix, j√° ouviu falar? Chama O MECANI‚Ä¶ https://t.co/bTRsQkCURn",positive
" Lula chamou de ‚Äúignorantes‚Äù os que colocaram fogo em pneus para bloquear sua caravana. A turma do MST, da CUT, da UNE,‚Ä¶",negative
"CARAVANA LULA: VAIAS, XINGAMENTOS, HUMILHA√á√ÉO E DERROTA. BOLSONARO ACLAM... https://t.co/dgIl3CTZDj via @YouTube",negative
 ‚Ä¢ cita√ß√µes e motivos para ser contra Jair Bolsonaro; a thread ‚Ä¢,negative
"@Fregraf @CamilaFrrz Vou te ajudar petralha! Fala a√≠ professor de ci√™ncias pol√≠ticas,defensor de bandido condenado!‚Ä¶ https://t.co/k2g1rD33ah",negative
  A imagem de um latifundi√°rio fac√≠nora a√ßoitando um simpatizante da caravana do Lula com um relho s√≥ encontra paralelo no‚Ä¶,negative
" N√£o adianta tirar Lula das elei√ß√µes, n√£o adianta prender Lula. Lula j√° √© um vencedor, Lula √© hist√≥ria. E voc√™ que odeia tanto,‚Ä¶",positive
 Bolsonaro e Lula estar√£o em Curitiba no mesmo dia. Ou melhor: Lula n√£o estar√° porque n√≥s que somos de Curitiba n√£o deixa‚Ä¶,positive
" A seguran√ßa e as armas de Lula: os bra√ßos do povo. Foi uma escolta popula para sair do ato em Chapec√≥! Lindo, emocionante e for‚Ä¶",positive
Mulher desiste de ser madrinha ao saber que noivo vota em Bolsonaro https://t.co/MeNGWLdDcu,negative
 Mais um dos 08 outdoors que o pessoal instalou em Chapec√≥!   CHAPEC√ì DIZ N√ÉO A VINDA DE LULA! #LulaNaCadeia #STFLixo https://t.c‚Ä¶,negative
 N√£o existe possibilidade de conversar seriamente com quem defende criminoso condenado em processo no qual foi assegura‚Ä¶,negative
" ‚ÄúO Michel assume, faz um acordo, protege o Lula, todo mundo‚Äù https://t.co/OVx9GoyOpd",positive
 Mano Brown √â UM CORRUPTO FILHO DA PUTA IGUAL AO LULA https://t.co/ap5cOQGGBp,negative
√çndios realizam ritual para prote√ß√£o de Lula contra pris√£o https://t.co/47wHBiNjhH,positive
" Enquanto Lula em Caravana faz propostas para tirar o Brasil da crise, a direita sem votos age nos bastidores para por em‚Ä¶",positive
"Gostei de um v√≠deo @YouTube https://t.co/nHOjDZWZZp CARAMBA!!! LULA, STF, BOLSONARO, BAG√â/BRASIL",positive
" Uma multid√£o se aglomerou na tarde deste s√°bado (24) na pra√ßa 15 de Novembro, em Florian√≥polis (SC), para dar as boas v‚Ä¶",positive
@chico_pinheiro Estes dias vi um v√≠deo horr√≠vel de um canalha chicoteando um servente de pedreiro s√≥ porque o funci‚Ä¶ https://t.co/ZNMn6ga2R1,negative
 LULA ESCORRA√áADO DO SUL https://t.co/551aeqcP5K,negative
@CCambara2 @LulapeloBrasil Lula re√∫ne multid√£o em S√£o Leopoldo no encerramento da passagem pelo Rio Grande do Sul‚Ä¶ https://t.co/NdADw0XiK9,positive
 PROF WARLEY VIANA  RECEBE DEDICAT√ìRIA DO  CANDIDATO A PRESIDENTE DA REP√öBLICA DO BRASIL  GERALDO ALCKMIN https://t.co/‚Ä¶,positive
 LULA: N√ÉO SEREI PRESO E HAVER√Å JUSTI√áA NESTE PA√çS https://t.co/GBKUb60QwY,positive
 Agora a La Banda Loca Liberal canta uma m√∫sica em apoio ao juiz S√©rgio Moro. Manifesta√ß√£o contra a visita do Lula a S√£o Leopo‚Ä¶,positive
 Retweeted DCM ONLINE (@DCM_online):  V√çDEO: Lula chama Dallagnol de ‚Äúmoleque‚Äù e diz que ele tem que ‚Äúser exonerado a bem do se‚Ä¶,negative
Foda-se https://t.co/k8ZLS3HXHm,negative
sobre o quinto epis√≥dio de  O mecanismo : colocaram o  estancar a sangria  na boca do personagem do Lula.  al√©m de‚Ä¶ https://t.co/TVhjFB2Unb,negative
" ‚ÄúQuest√£o do PT est√° definida. Registraremos Lula em agosto‚Äù, diz Falc√£o  https://t.co/ZO89FI89yo via @exame",positive
Cara essa s√©rie ta perfeita https://t.co/VLPad5MlKS,positive
" N√£o voto no Bolsonaro nem com uma arma apontada pra minha cabe√ßa, mas dou toda raz√£o aos ga√∫chos q impediram a entrada‚Ä¶",positive
 Globo anuncia que Lula ser√° candidato e incendiar√° as elei√ß√µes https://t.co/4wszwyFOn0 #lulalivre,positive
" A cidade de Francisco Beltr√£o-PR j√° est√° preparada para receber Lula, o condenado. Os cidad√£os de Francisco Beltr√£o d√£o um‚Ä¶",positive
 Lula fugindo de helic√≥ptero de Bag√© porque estava cercado pela popula√ß√£o. Lula passando correndo com recep√ß√£o hostil em‚Ä¶,negative
@mafiasummer  Deus Lula  foi foda,positive
 √â n√≠tida a cara de vel√≥rio dos comentaristas da Golpe News c/ decis√£o de hoje do STF em favor de Lula #LulaLivre https://t.‚Ä¶,positive
 - Galv√£o - Diga Tino - Vai mudar https://t.co/86uxTsvWVb,positive
" como outras cidades xingam o Lula:  - lula ladr√£o, corrupto etc  Chapec√≥ xingando o Lula: https://t.co/18hkgRF5f7",negative
Beijando os p√©s do Deus Lula. O cara t√° perdendo a m√£o demais demais mesmo https://t.co/7Q83TFLbjc,positive
 Lula e sua comitiva est√£o encurralados no hotel desbravador em Chapec√≥/SC https://t.co/Kb55GYDTTJ,negative
"Vamos juntos, BRASIL!  O momento exige uni√£o! Lula tem a Suprema Corte na m√£o! Temos que fazer a maior manifesta√ß√£o‚Ä¶ https://t.co/e4zCsQUINs",positive
S√£o Borja saudou a mandioca por Dilma e cantou pra Lula https://t.co/t0BaTLKZdo via @YouTube,positive
"@jairbolsonaro @JuliaAnseixas A ESQUERDA COMUNISTA NOS DESARMOU PARA, S√ì ELA, ARMAR-SE. BOLSONARO PRESIDENTE DO BRASIL 2018!!!!",positive
 O povo j√° est√° esperando Lula na Pra√ßa XV em Florian√≥polis! #lulapelosul #lulaporsc https://t.co/OfVxTyb4Fw,positive
" Os capangas do PT, tamb√©m conhecidos como Le√µes de Cha√ßar√°s...ISSO √â MILICIA... https://t.co/KUbcYuvUVE",negative
 Nos processos de Lula o valor envolvido nesses crimes √© de no m√°ximo 13 milh√µes. Por√©m Lula gastou mais de 40 milh√µes em‚Ä¶,negative
 Mais cenas do jagun√ßos do lula batendo em patriotas em Chapec√≥ https://t.co/0Oaol7lN4A,negative
 Lula est√° incentivando suas mil√≠cias a partirem pra cima dos manifestantes contr√°rios. Quando algu√©m surgir morto na r‚Ä¶,negative
 Olhem o que os ‚Äújagun√ßos‚Äù do Lula fizeram com esse rapaz! Chapeco -SC @joicehasselmann https://t.co/6Us1GHbSyb,negative
Ato de Lula em Chapec√≥ tem petista inflamado e confronto entre manifestantes https://t.co/3PWqhR4uJL,negative
" O PT convocou as suas mil√≠cias para Chapec√≥, e os bandidos est√£o agredindo pessoas contr√°rias a Lula na cidade. Essa c‚Ä¶",negative
Centro de Chapec√≥! LULA HUMILHADO! H√° suspeitas de que ele foi obrigado a utilizar uma estrada sem asfalto para sai‚Ä¶ https://t.co/P1feGgKL3B,negative
O liberal e democrata @NesterTweets gostou.  Com certeza impedir pessoas de falarem deve ser muito democr√°tico.  üò¢üò¢üò¢ https://t.co/NOjsuCYoVY,positive
"Chegou, novamente, o momento de sermos um s√≥. Por um Brasil dos brasileiros!!! #VemPraRua3deAbril https://t.co/cttjFISMpA",positive
"Facistas foram fabricados p odiarem quem pensa diferente. Queremos um pa√≠s p todos, com pessoas felizes. Somos agre‚Ä¶ https://t.co/hUyd7ngjKg",positive
 - Galv√£o - Diga Tino - Vai mudar https://t.co/86uxTsvWVb,positive
" como outras cidades xingam o Lula:  - lula ladr√£o, corrupto etc  Chapec√≥ xingando o Lula: https://t.co/18hkgRF5f7",negative
Beijando os p√©s do Deus Lula. O cara t√° perdendo a m√£o demais demais mesmo https://t.co/7Q83TFLbjc,positive
 Lula e sua comitiva est√£o encurralados no hotel desbravador em Chapec√≥/SC https://t.co/Kb55GYDTTJ,negative
"Vamos juntos, BRASIL!  O momento exige uni√£o! Lula tem a Suprema Corte na m√£o! Temos que fazer a maior manifesta√ß√£o‚Ä¶ https://t.co/e4zCsQUINs",positive
S√£o Borja saudou a mandioca por Dilma e cantou pra Lula https://t.co/t0BaTLKZdo via @YouTube,positive
"@jairbolsonaro @JuliaAnseixas A ESQUERDA COMUNISTA NOS DESARMOU PARA, S√ì ELA, ARMAR-SE. BOLSONARO PRESIDENTE DO BRASIL 2018!!!!",positive
 O povo j√° est√° esperando Lula na Pra√ßa XV em Florian√≥polis! #lulapelosul #lulaporsc https://t.co/OfVxTyb4Fw,positive
" Os capangas do PT, tamb√©m conhecidos como Le√µes de Cha√ßar√°s...ISSO √â MILICIA... https://t.co/KUbcYuvUVE",negative
 Nos processos de Lula o valor envolvido nesses crimes √© de no m√°ximo 13 milh√µes. Por√©m Lula gastou mais de 40 milh√µes em‚Ä¶,negative
 Mais cenas do jagun√ßos do lula batendo em patriotas em Chapec√≥ https://t.co/0Oaol7lN4A,negative
 Lula est√° incentivando suas mil√≠cias a partirem pra cima dos manifestantes contr√°rios. Quando algu√©m surgir morto na r‚Ä¶,negative
 Olhem o que os ‚Äújagun√ßos‚Äù do Lula fizeram com esse rapaz! Chapeco -SC @joicehasselmann https://t.co/6Us1GHbSyb,negative
Ato de Lula em Chapec√≥ tem petista inflamado e confronto entre manifestantes https://t.co/3PWqhR4uJL,negative
" O PT convocou as suas mil√≠cias para Chapec√≥, e os bandidos est√£o agredindo pessoas contr√°rias a Lula na cidade. Essa c‚Ä¶",negative
Centro de Chapec√≥! LULA HUMILHADO! H√° suspeitas de que ele foi obrigado a utilizar uma estrada sem asfalto para sai‚Ä¶ https://t.co/P1feGgKL3B,negative
O liberal e democrata @NesterTweets gostou.  Com certeza impedir pessoas de falarem deve ser muito democr√°tico.  üò¢üò¢üò¢ https://t.co/NOjsuCYoVY,positive
"Chegou, novamente, o momento de sermos um s√≥. Por um Brasil dos brasileiros!!! #VemPraRua3deAbril https://t.co/cttjFISMpA",positive
"Facistas foram fabricados p odiarem quem pensa diferente. Queremos um pa√≠s p todos, com pessoas felizes. Somos agre‚Ä¶ https://t.co/hUyd7ngjKg",positive
 Passo Fundo e Chapec√≥ mostrando que paci√™ncia tem limite. Retweet at√© que isso chegue ao STF. https://t.co/9EOG1qB9Pa,neutral
"  Estou sendo crucificado , diz Marco Aur√©lio ap√≥s suspens√£o de julgamento sobre Lula https://t.co/9CIIzuMlYK https://t.co/THq2Pw‚Ä¶",neutral
 Ato de Lula em Chapec√≥ tem petista inflamado e confronto entre manifestantes https://t.co/3PWqhR4uJL,neutral
" Em ato em defesa da agricultura familiar na noite deste s√°bado (24), ex-presidente Lula discursou contra o √≥dio e pediu‚Ä¶",neutral
" Se o Twitter do Lula n√£o existisse, precisaria ser inventado. √â o retrato textual de uma alma miser√°vel de t√£o soberba‚Ä¶",positive
" Dilma se manifesta sobre a confus√£o em Passo Fundo no RS:   O Lula em Passo Fundo, n√£o pode entrar e nem sair, por que n√£o‚Ä¶",neutral
 Os crimes que os  ministros  do  STF  cometeram ao impedir a pris√£o de Lula s√£o muito mais s√©rios que aqueles cometidos‚Ä¶,negative
" Um entrevistador fez a seguinte indaga√ß√£o a Marco Aur√©lio:  ‚Äú(...) no STF todos s√£o iguais perante a Lei, exceto o ex-pres‚Ä¶",negative
CIDADE. Visita de Lula √† UFSM ainda gera pol√™mica. E tem at√© estudante prometendo a√ß√£o contra a¬†Reitoria‚Ä¶ https://t.co/rxfqGkXw9h,neutral
" Ato da Caravana Lula Pelo Brasil em Chapec√≥, Santa Catarina. #LulapeloBrasil #LulapeloSul Foto: Ricardo Stuckert https://t.‚Ä¶",positive
 Gilmar Mendes estar√° ausente mas empate beneficia Lula. https://t.co/JQdZPUgF5Q,neutral
@LulapeloBrasil LULA ACHA QUE VAI DERROTAR O BOLSONARO,positive
 Lula encurralado no hotel em Florian√≥polis. https://t.co/FcXMwij3bV,negative
@BlogdoNoblat Como diz o ditado! Os c√£es (raivosos da m√≠dia) ladram e a caravana (de Lula) passa!,positive
"Lula, ao longo dos anos, passa por dramas e press√µes enormes, inclusive familiares, mas algu√©m de seu c√≠rculo preci‚Ä¶ https://t.co/NTSUOs3Gis",positive
üå∑BOA NOITE!!üå∑ #VemPraRua3deAbril #STFVergonhaNacional #LULAnaCADEIA #DILMAnaCADEIA #GLEISInaCADEIA #DIRCEUnaCADEIA‚Ä¶ https://t.co/qDatPfrD9f,negative
 MBL sofre ataques da Veja ap√≥s anunciar manifesta√ß√µes pela pris√£o de¬†Lula https://t.co/lfoh9yjVbi https://t.co/FUMpKdsM7D,neutral
.@blogdojosias: ‚ÄúO tratamento dispensado a Lula pelo Supremo Tribunal Federal √© parte de um movimento que visa dete‚Ä¶ https://t.co/Grdoq6zzkS,neutral
Que Diabos √© isso? https://t.co/1qrgjk4SZY,neutral
" A seguran√ßa e as armas de Lula: os bra√ßos do povo. Foi uma escolta popula para sair do ato em Chapec√≥! Lindo, emocionante e for‚Ä¶",positive
" Marco Aur√©lio Mello reclama que est√° sendo  crucificado  por ter pedido o encerramento da sess√£o,  o que garantiu a lib‚Ä¶",neutral
"A Rede Globopista fez o Brasil odiar, Dilma, Lula e o PT. Mas, o Bom √© que quem os odeiam jamais votou neles. Ent√£o‚Ä¶ https://t.co/suNDy7d60i",positive
" Ap√≥s a decis√£o do STF de proibir a pris√£o de Lula at√© o julgamento final do HC, voc√™ consideraria a possibilidade de apoiar u‚Ä¶",negative
 As pessoas n√£o pensam no quanto t√£o atrapalhando a forma√ß√£o de um roteiro veross√≠mil pra s√©rie da Lava Jato antes de fazer as c‚Ä¶,neutral
 Padilha p√¥s express√µes canalhas de Juc√° na boca de Lula em s√©rie da Netflix sobre a Lava Jato https://t.co/3OyZIRrtOM https‚Ä¶,neutral
Valor Econ√¥mico - 2¬™ Turma do STF libera acesso de Lula √† dela√ß√£o de Jo√£o Santana - https://t.co/E9p65fT83X,neutral
"Lula, ladr√£o, no RS n√£o! https://t.co/WUi1vVojhr",negative
"@Fpuhlmann Eu tenho mais medo do Bolsonaro (pessoa). Mas teria mais medo da Marina (presidente).  Ela teria alguma governabilidade, ele n√£o",neutral
"Bolsonaro, um despreparado que quer ser presidente https://t.co/Up05feB2Mj",negative
"Gilmar deve estar ausente no dia 4 de abril, mas empate beneficia Lula https://t.co/GfRKQrQxUP",positive
" LULA N√ÉO √â UM LADR√ÉO COMUM! ROUBOU O BRASIL E N√ÉO CONTENTE, PERMITIU QUE A NA√á√ÉO BRASILEIRA FOSSE SAQUEADA POR QUADRILHAS DE C‚Ä¶",negative
V√çDEO-AULA DE FASCISMO: CLASSE M√âDIA LEVA FILHOS PARA APEDREJAR CARAVANA DE LULA https://t.co/XsXmjzWp6x https://t.co/OX2Zr8ROFd,negative
 Socorro do Supremo a Lula comp√µe uma articula√ß√£o para proteger a oligarquia via @blogdojosias https://t.co/XvLlvpsYXX,neutral
" Protesto em frente a Hotel de Lula, Sarandi, RS https://t.co/ywCmunbZ6K",negative
"Sabe o q √© interessante? O Lula √© escorra√ßado do RS, em v√°rias cidades...; o Brasil inteiro (o dos cidad√£os de bem)‚Ä¶ https://t.co/0bqpVLkbFB",neutral
" Direto de Chapeco-SC! Daniella, a l√≠der do NasRuas-Chapec√≥ est√° a caminho do aeroporto √† espera de Luladr√£o! Todas as est‚Ä¶",negative
Advogados de Geddel citam julgamento de Lula e pedem liberdade ao Supremo para o PMDBista preso com milh√µes em apar‚Ä¶ https://t.co/6MgMo0twcJ,neutral
" Por favor, @deltanmd n√£o deixe este verme podre sem resposta!!! https://t.co/PiGCBCu99n",negative
 Lula encurralado no hotel aqui em Florian√≥polis . Tomaaaaa https://t.co/jzXYERbPAz,negative
" COVARDIA, DIFAMA√á√ÉO E ASS√âDIO  Prof - [BOLSONARO] √© feminicida, contra a mulher, contra o gay, contra o negro, contra‚Ä¶",negative
" JAIR BOLSONARO CONTRA O FIM DO FORO PRIVILEGIADO ???  Em 27/NOV/2017, em entrevista para as P√°ginas Amarelas da Veja, @jai‚Ä¶",neutral
 Lula √© um irrespons√°vel. Est√° provocando uma guerra pelo Brasil. E o STF assiste a isso fazendo cara de paisagem. √â re‚Ä¶,negative
Bolsonaro uhuuu ‚Äî Baba ovo de pol√≠cia https://t.co/utkykNhJnP,negative
 Advogado de presos cobra Fachin por  tratamento diferenciado  a Lula e pede que na sess√£o de 4 de abril ministro diga  quai‚Ä¶,negative
" 6. Bolsonaro √© mis√≥gino (avers√£o ao sexo feminino), onde varias vezes ofendeu mulheres apenas por serem mulheres.",negative
 ‚Ä¢ cita√ß√µes e motivos para ser contra Jair Bolsonaro; a thread ‚Ä¢,negative
 A pra√ßa XV est√° linda! Vamos receber Lula com muita energia boa. #LulaPeloSul #LulaPorSC https://t.co/5la7XO7p8U,positive
 Ta ai o motivo de tanto √≥dio do Lula üëá pelos borra botas dos bostonaros. A inveja corroi. https://t.co/5u2KwILTIJ,positive
Tive que ouvir da minha pr√≥pria m√£e que ela t√° pensando em votar no bolsonaro,negative
" Diante das amea√ßas fascistas a @LulapeloBrasil, o expresidente √© levado pelo povo at√© seu hotel. #LulaLivre #LulaPeloSul‚Ä¶",positive
" Caminh√£o de som foi colocado em frente ao pr√©dio do STF, com o √°udio do LULA chamando seus capachos de covardes... https:‚Ä¶",negative
 @mvsmotta Esses caras s√£o da Mancha Verde do ABC!! Ser√° q o Fant√°stico faria uma mat√©ria mostrando √† sociedade q Lula contra‚Ä¶,neutral
 MOVIMENTO FORA LULA! https://t.co/nA4kZS37IT,negative
Como diz o ditado! Os c√£es (fascistas raivosos) ladram e a caravana (de Lula) passa!,positive
"Imagens que tenho visto do Sul s/protestos contra Lula, centenas de v√≠deos nas Redes Sociais,totalmente omitidos p/‚Ä¶ https://t.co/0rBnFF60VI",neutral
" Um homem foi preso por interromper passagem da caravana da vergonha do Lula, isso √© bem curioso, eu nunca vi nenhum terroris‚Ä¶",negative
" Chapec√≥ aproveitando a chegada da P√°scoa resolveu presentear  o condenado Lula e sua corja com ovos, s√≥ que de galinha!‚Ä¶",negative
"Se voc√™ quer o fim corrup√ß√£o e da impunidade, apoiar a Opera√ß√£o Lava Jato,¬† garantir a pris√£o dos condenados em Seg‚Ä¶ https://t.co/wJq5yhX4Iq",negative
"@blogdojosias Meu Deus isso n√£o pode acontecer!  Pedido de vista, prescri√ß√£o de processos, significa impunidade!  O‚Ä¶ https://t.co/TJCcoYBZpA",neutral
@GABRlELPlNHElRO @SoraiaGebhard Ele fala como se eventuais investimentos feitos a uma cidade pelo governo federal s‚Ä¶ https://t.co/QU4z6M43Uf,neutral
 ‚ÄúTudo se encaminha para que Lula possa fazer uma incendi√°ria campanha eleitoral‚Äù https://t.co/FtwRY12hZh,positive
" A s√©rie O Mecanismo, da Netflix, botou a fala do Romero Juc√° sobre  o grande acordo nacional com o supremo com tudo  na bo‚Ä¶",positive
@gleisi Mesmo com chuva povo vai √† pra√ßa em Chapec√≥ para ver e ouvir Lula! N√£o adianta os fascistas urrarem! A Cara‚Ä¶ https://t.co/OlW96VfCVM,positive
"Se voc√™ quer o fim corrup√ß√£o e da impunidade, apoiar a Opera√ß√£o Lava Jato,¬† garantir a pris√£o dos condenados em Seg‚Ä¶ https://t.co/DNMMGsIVst",neutral
 Valor Econ√¥mico - 2¬™ Turma do STF libera acesso de Lula √† dela√ß√£o de Jo√£o Santana - https://t.co/E9p65fT83X,neutral
" Inclusive, na minha s√©rie da Lava Jato, o Lula ia ser interpretado por um bal√£o-fantoche e o nome dele ia ser trocado pra Pixul‚Ä¶",neutral
 @CaptJoao @MarcosSP1969 @blogdojefferson Brucutus petralhas (s√£o os  colectivos  do Lula) atacando pessoas em Chapec√≥.‚Ä¶,negative
"[Geddel tamb√©m quer mesmo benef√≠cio de Lula] https://t.co/mt2aL7UeW7 Gedell voc√™ foi pego com a m√£o na butija,!!!",neutral
 Olha a pinta dos jagun√ßos. Esse homem n√£o vai sossegar enquanto n√£o tiver um banho de sangue que nem na Venezuela. √â um bandi‚Ä¶,negative
 ATEN√á√ÉO Curitiba dia 28/3 Lula vai estar a√≠. Recebam ele de grades abertas. https://t.co/Wl8h7Xz2Eu,negative
 üîÖLULA COLOCOU O STF DE JOELHOS. Contra o STF n√≥s iremos para as ruas dia 3/4 Confirme sua presen√ßa retuitando este Tweet. VAM‚Ä¶,negative
Sempre inovador. Tamb√©m nunca hav√≠amos visto um STF prestar servi√ßo a um chefe t√£o descaradamente.  Lula inovou nis‚Ä¶ https://t.co/XbRSE0TTWy,negative
 Gleisi agradece a popula√ß√£o que recebeu Lula no Rio Grande. Lamenta e den√∫ncia a viol√™ncia com que grupos fascistas e mil√≠cias‚Ä¶,neutral
 z√≥io de lula. https://t.co/rxTvRsvIpo,negative
 Protestos fazem ex-presidente Lula cancelar ato que faria na cidade de Passo Fundo. https://t.co/OwYh6Kqx0Y,neutral
" Ap√≥s humilha√ß√£o em Bag√©, Santa Maria tamb√©m escorra√ßa Lula #SomosTodosSantaMaria https://t.co/J5qcCGfKDF",negative
"N√≥s √∫ltimos tr√™s anos as redes sociais s√≥ falam que Lula √© isso, A√©cio √© aquilo, Temer √© golpista, Dilma √© incompet‚Ä¶ https://t.co/RZRWzHe8aU",neutral
"Se voc√™ quer o fim corrup√ß√£o e da impunidade, apoiar a Opera√ß√£o Lava Jato,¬† garantir a pris√£o dos condenados em Seg‚Ä¶ https://t.co/pBrXFqov18",neutral
" A subserviente Raquel  Brindeiro  Dodge obedece caninamente √† Globo, protege descaradamente o ladr√£o Temer, persegue impla‚Ä¶",negative
 A√≠ o pessoal l√° de fora vai perguntar: mas como voc√™s no Brasil permitem que um criminoso condenado pela Justi√ßa do pa√≠s est‚Ä¶,negative
 ESPALHOU pelo BRASIL LULA recebendo dos Guerreiros CATARINENSES de CHAPEC√ì a recep√ß√£o de um BANDIDO em Campanha: LULA LA‚Ä¶,negative
 Geddel pede para ser solto com base no ‚ÄòPrinc√≠pio Lula‚Äô. Aguenta esse barulho @STF_oficial. Parab√©ns aos envolvidos.  ht‚Ä¶,negative
 Rumo √† Caravana do Lula em Floripa no largo da catedral https://t.co/qiPdubElzV,positive
Eu tbm. https://t.co/aS71ZrHbWL,neutral
 S√£o Leopoldo no final da tarde esperando por Lula. https://t.co/WnBXQXJU81,positive
 @Florisrs  Mexe com Lula pra ver o que acontece! Lula n√£o est√° s√≥. O maior patrim√¥nio de Lula √© o povo. Esses canalhas s√£o‚Ä¶,positive
" ENTENDERAM AGORA? PT diz que julgamento de Lula √© uma  farsa  e que Lula ser√° presidente a for√ßa, se for preciso https://t.c‚Ä¶",negative
" Fila no STF: ap√≥s liminar de Lula, advogados redigem √†s pressas pedidos de habeas corpus https://t.co/FJ7uQtMMbL",neutral
O VERDADEIRO OBJETIVO DO STF COM O HC A FAVOR DE LULA √â DESCOBERTO https://t.co/clCejUwu5W,negative
 Senadora @anaamelialemos lute por n√≥s como a Senadora do PT tem lutado por Lula!    Estamos anabolizando a impunidade co‚Ä¶,negative
 assim que se faz - bonito - fascistas n√£o passar√£o V√çDEO: Lula √© escoltado pelo povo de volta para o hotel em Chapec√≥ (SC)‚Ä¶,negative
" N√£o adianta tirar Lula das elei√ß√µes, n√£o adianta prender Lula. Lula j√° √© um vencedor, Lula √© hist√≥ria. E voc√™ que odeia tanto,‚Ä¶",positive
 A impunidade agora tem apelido: ‚ÄúPrinc√≠pio Lula‚Äù. https://t.co/uhwZ38I1S9,negative
 Supremo arquiva investiga√ß√£o contra A√©cio  hmm   Supremo arquiva investiga√ß√£o contra Juc√°  ahh   Carmem l√∫cia se re√∫ne‚Ä¶,neutral
@gabsdegabrielle @RonaldoGogoni Por causa da s√©rie O Mecanismo que fala da lava jato do Jos√© Padilha. A√≠ as pessoas‚Ä¶ https://t.co/n6FOBOSIut,neutral
" Lula: O maior LADR√ÉO , CORRUPTO do Pa√≠s  Citado por oito executivos da Odebrecht e com onze men√ß√µes na lista de abertura de in‚Ä¶",negative
" Demorou, mas, a decis√£o stf a favor do Lula, ladr√£o genocida fez a sociedade entender que os inimigos mais danosos do p‚Ä¶",negative
 A responsabilidade da viol√™ncia que est√° acontecendo na Caravana Lula pelo Brasil √© de responsabilidade do poder judici√°rio e‚Ä¶,negative
" Meu rep√∫dio a comemora√ß√£o de agress√µes por Ana Amelia. Desrespeita as cidad√£s ga√∫chas v√≠timas do relho em Cruz Alta, as‚Ä¶",neutral
Lib√©lula secreta KKKKK https://t.co/SpaJkRTxwV,neutral
 Floripa protesta contra Lula Isso aconteceu hoje mas a imprensa n√£o mostra https://t.co/fVmD82QZ04,negative
" Como antecipamos em #OsPingosNosIs, viagem de Gilmar Mendes para Portugal - onde ele estar√° em 4 de abril - tamb√©m ser√° usad‚Ä¶",neutral
 Em pesquisa no Rio: Jair Bolsonaro lidera para presidente com folga (29%) e Fl√°vio Bolsonaro √© disparado o nome para o Sen‚Ä¶,neutral
 √â dif√≠cil exagerar a gravidade da decis√£o que o Supremo come√ßou a tomar hoje e que deve se encerrar no dia 4. Usa-se o‚Ä¶,negative
" Errar √© humano, apoiar Bolsonaro √© dem√™ncia",negative
" ‚ÄúSe eles querem salvar o Lula, tem que soltar todo mundo. Solta Cabral, solta Cunha, solta Palocci, solta Fernandinho Beira Ma‚Ä¶",negative
 N√£o podemos nos preocupar com nada que n√£o seja lotar as ruas em 03/04  Esque√ßam QUEM est√° organizando...  Esque√ßam QUAIS‚Ä¶,neutral
 EU AVISEI!  Agora o tal  PRINC√çPIO LULA  visa tentar libertar  TODOS OS PRESOS  que est√£o em situa√ß√£o semelhante √† de L‚Ä¶,negative
 Avi√£o com faixa contra Lula provoca apoiadores do petista no RS https://t.co/LcMfcBbgay,negative
 Meu Deus que alegria! O STF solta mas o povo n√£o! Povo do Sul apaixonar por voc√™s!üëèüëèüëèüëèüëèüëèüëè https://t.co/QoWdN7BGPd,negative
@nathancanedo @leopenaroz @serieomecanismo @NetflixBrasil S√≥ as marmitinhas de bandido chorando por causa da s√©rie‚Ä¶ https://t.co/iMhmR4BaP8,neutral
 #DemocraciaJ√° #ForaTemer #DiarioDoMundo V√çDEO: Lula √© escoltado pelo povo de volta para o hotel em Chapec√≥ (SC) https://t.c‚Ä¶,positive
" As manifesta√ß√µes dos pr√≥ximos dias n√£o deveriam ser pela pris√£o do chefe da quadrilha petista, mas sim pela pris√£o imed‚Ä¶",negative
" Retweeted Ivan üåê (@ivan):  @Sandman998 @NetflixBrasil Al√©m de tudo isso, o roteiro de ‚ÄúO Mecanismo‚Äù √© desonesto. Inverte si‚Ä¶",neutral
"@MRMsouza @WebTVBrasileira @TiagoLeifert @bbb #WagnerCovardeTraidor e #GleiciSonsaFillhoteDoLula, n√£o passar√£o... a‚Ä¶ https://t.co/kZFKAAGCfU",neutral
" O Princ√≠pio Lula ser√° usado por todos os presos da Lava Jato e at√© mesmo por traficantes, assaltantes e estupradores.‚Ä¶",negative
 Mas a atividade de magistrado supremo ou supremo magistrado deveria ser a principal e n√£o a acess√≥ria n√£o √©? Bom mas o B‚Ä¶,neutral
 Uma boa pauta para a imprensa √© descobrir quantos presos condenados apenas na primeira inst√¢ncia seriam beneficiados c‚Ä¶,negative
 Lulla √© um fanfarrao. Um vagabundo ladrao mentiroso covarde... https://t.co/sLHzcYsxvH,negative
" Agora fa√ßamos o seguinte, para cada bandido que sair da cadeia alegando o  Princ√≠pio Lula , colocamos um ministro do STF pre‚Ä¶",negative
" ‚ÄúN√£o podemos conviver com um STF com medo de Lula!‚Äù, diz Jana√≠na Paschoal https://t.co/2iCNSOx5Me",negative
O POVO PRECISA AGIR TAMB√âM CONTRA OS JU√çZES AMIGUINHOS DE LULA. https://t.co/sLqQY9mnIc,negative
"O povo de Chapec√≥ lembrou desse detalhe aqui debaixo e na pior dor da cidade, eles n√£o estavam nem a√≠, pra que rece‚Ä¶ https://t.co/Aggmj4TJoF",neutral
" Vamos mostrar s Suprema Vergonha Nacional do @STF_oficial de quem defende, se ajoelha e se submete a CRIMINOSOS √©  a Corte‚Ä¶",negative
" Lula, O CONDENADO E J√Å PRESO PELO POVO, incita a guerra e viol√™ncia. STF - Supremo Tribunal Federal Prendam Lula, ele √© um...‚Ä¶",negative
" Os Ga√∫chos foram at√© o hotel onde dormia o Lula, e cantaram uma linda can√ß√£o de ninar para ele. Ou√ßa! Voc√™ ir√° se emocionar‚Ä¶",positive
 AGORA: Manifestantes fecham sa√≠da de aeroporto e impedem que Lula chegue ao centro de Chapec√≥-SC! :D,negative
"@Rbuzinari1 Pense cara podia ser pior, eu poderia estar apoiando o Lula üòÇüòÇüòÇ",negative
" ‚ÄúLula leva os brasileiros a s√©rio, ele ouve o clamor do nosso povo, n√£o √© s√≥ em √©poca de elei√ß√£o!‚Äù, diz moradora do Ba‚Ä¶",positive
 Como confiar no @STF_oficial??? STF faz mais um favorzinho a Lula https://t.co/6M7FLviNSh,negative
A origem do meme  Lula preso amanh√£  e uma an√°lise sobre as reais possibilidades disso acontecer. Tudo isso est√° ne‚Ä¶ https://t.co/rdgFC8yvH5,negative
"Se voc√™ quer o fim corrup√ß√£o e da impunidade, apoiar a Opera√ß√£o Lava Jato,¬† garantir a pris√£o dos condenados em Seg‚Ä¶ https://t.co/biu4nYbL4s",neutral
"Bolsonaro vem a Curitiba no dia 28 , que tal a gente ir onde estiver e tocar o terror ?",negative
" Multid√£o foi receber Lula em Florianop√≥lis-SC e botou a direita para correr, para que cenas de m√≠licias fascistas n√£o‚Ä¶",negative
 üòÇüòÇCHUVA  DE OVOS PODRES para LULA e lacaios petistas!!üëèüëè PARAB√âNS  ao povo do Sul do Brasil https://t.co/mOHpYxwflW,negative
" Amarrado em drone, Pixuleco sobrevoa ato de Lula https://t.co/lLfo6RMiFP",negative
" Estou aqui perplexo com o fato de o diretor Jos√© Padilha ‚Äì em  O mecanismo , nova s√©rie da Netflix ‚Äì ter colocado o person‚Ä¶",neutral
@MrTaxiJapa n√£o mateus o lula a hist√≥ria do brasil vai toma no cu velho,negative
[Lula Arrasta Multid√£o em Cruz das Almas - BA] https://t.co/CP9UpCbv0b a Globo n√£o mostra!!,neutral
" Jo√£o Pedro Stedile üëä‚öí‚≠ê Parte2  Aten√ß√£o Srs. da Abin, Srs. da Intelig√™ncia, Sr. S√©rgio Echegoyen: seus informantes s√£o u‚Ä¶",neutral
" V√ÉO VENDO!O MARCO AUR√âLIO TEVE COMPROMISSO NO RJ..SESS√ÉO SUSPENSA!!O GILMAR ESTAR√Å EM LISBOA DE 03 a 05/04,O QUE ACONTEC‚Ä¶",neutral
" Advogado reclama, com raz√£o, do tratamento privilegiado que o STF est√° dando ao HC de Lula, furando a fila de HCs, passando‚Ä¶",negative
 Lula vai ter problemas em Chapec√≥ tamb√©m Ningu√©m quer ele no Sul   hahahaeuahe https://t.co/51BbUIXmHs,negative
" S√£o Leopoldo, RS, esperando Lula para o ato de despedida da Caravana no Rio Grande! T√° lindo! #LulaPeloBrasil  #LulaPeloSul htt‚Ä¶",positive
" Obrigado @STF_oficial , agora o pa√≠s est√° com esquizofrenia! A pol√≠cia √© obrigada a defender o Lula. #naoconfiamosnostf htt‚Ä¶",negative
Retweeted Helio Telho (@HelioTelho):  Acho que todo advogado criminalista com HC pendente de julgamento pelo STF de‚Ä¶ https://t.co/zinZUKpiDJ,neutral
 Hoje bloquearam a estrada pro Lula n√£o chegar a Chapec√≥ https://t.co/foUF2XrYsa,negative
 Lurian Lula provocando em  CHAPECO  #LulaLadrao rouba e a filha ainda vai tirar sarro do povo.   Depois que o povo der uma‚Ä¶,negative
Vc pode n√£o gostar do Lula Pode at√© odiar o cara Mas oq aconteceu com a  caravana  dele no Sul √© preocupante e inac‚Ä¶ https://t.co/FrXeoJsDFO,positive
@silneyart @mah4154 Precisa ver como o lula se movimenta... s√≥ de jatinho. √Ä prop√≥sito: quem paga os advogados dele??,negative
" S√≥ queria saber como a imprensa iria tratar se um petista agredisse  um eleitor do A√©cio ou Bolsonaro com relho, pedras‚Ä¶",positive
 Lula √©  ovacionado  https://t.co/cbEoYpvtXm,negative
General t√° sentindo o pepino... https://t.co/JCr3D0K5hk,neutral
"@gilmarmendes PORQUE  AQUELA MO√áA  QUE  ROUBOU  UM  DESODORANTE FICOU  ANOS  NA  CADEIA,  E O  STF  N√ÉO  SOLTOU A P‚Ä¶ https://t.co/VQFPwAWLW8",negative
"Amigos contam que tinha gente torcendo que o avi√£o do Lula ca√≠sse. Isso mesmo, na cidade que ficou conhecida pela queda de um avi√£o.",negative
 Temer √© candidato. Bolsonaro √© candidato. Rodrigo Maia √© candidato. Levy Fid√©lis √© candidato. Fl√°vio Rocha √© candidato. Qu‚Ä¶,neutral
V√çDEO: Lula √© escoltado pelo povo de volta para o hotel em Chapec√≥ (SC) https://t.co/1LG4fnMmEy,positive
 MANO.  A s√©rie do Padilha coloca na boca do Lula a frase mais famosa do √°udio do Juc√°. https://t.co/JhQXNKF92T,neutral
" Lula recebendo o carinho do povo em Chapec√≥. S√≥ acho que √© desperd√≠cio de ovos, o cachorro faz coisa melhor no quintal que po‚Ä¶",negative
General Paulo Chagas vibra com rep√∫dio de ga√∫chos a Lula e envia mensagem apote√≥tica https://t.co/Pn7OTA9eCj,neutral
 TEMOS MIL√çCIAS NO BRASIL TENTANDO IMPEDIR Q LULA CHEGUE PERTO DO POVO.... FASCISTAS AUTORIT√ÅRIOS N√ÉO PASSAR√ÉO! #LulaLivr‚Ä¶,negative
 Lula ficou preso no hotel em Chapec√≥  https://t.co/GZZaZdMlxN,neutral
 √öLTIMAS: Milhares de manifestantes impedem Lula de chegar ao centro de Chapec√≥ https://t.co/kBahdGmD9K,negative
Ana Am√©lia parabeniza ruralistas por agress√µes √† Caravana de Lula - Sul 21 https://t.co/i0kzHvwJwQ,negative
"Seguindo o racioc√≠nio da s√©rie  O Mecanismo ,da mais atual golpista @NetflixBrasil foi Lula quem disse:  tem que se‚Ä¶ https://t.co/e9t3XT2kLl",negative
 era s√≥ dizer q teriam pelo menos 5 pessoas falando da Marielle q toda imprensa aparece por l√°. https://t.co/URy3CGmn2h,neutral
 LULA ESCORRA√áADO DO SUL https://t.co/551aeqcP5K,negative
"‚ÄúN√£o podemos conviver com um STF com medo de Lula!‚Äù, diz Jana√≠na Paschoal https://t.co/rUb62nOKry",negative
" Coxas, Patos, Sapos, Bolsominions, Rea√ßas, Nazis, MBL, ANTAgonista. Bolsonaro e etc:  VENEZUELA N√ÉO E DITADURA! CUBA N√ÉO √â‚Ä¶",negative
" manuela d‚Äô√°vila √© um mulher√£o da porra al√©m de ser feminista, mente aberta, contra desigualdades tanto raciais quanto de g√™‚Ä¶",positive
" Era preciso  estancar a sangria  provocada pela Lava Jato, como admitiu h√° um ano Romero Juc√°, presidente do PMDB. Estanc‚Ä¶",neutral
 O que √© que Lula sabe para ser defendido por tantos ministros do STF? https://t.co/zE6EFHqJ4R,negative
"Voc√™, em seu perfil pessoal, pode pensar e expressar a opini√£o que melhor lhe convier. Mas no MEU perfil, a opini√£o‚Ä¶ https://t.co/C5bXLbbHXD",neutral
 üëëGeneral do Ex√©rcito sobre o STF:  A alta Corte est√° contaminada e tem medo do Lula  https://t.co/AiODRZHkhG https://t.‚Ä¶,negative
 Passo Fundo n√£o deixou Lula nem entrar na cidade https://t.co/hrxhzC6ZyY,negative
Lula manda recado importante aos fascistas: o √≥dio n√£o leva a nada https://t.co/82rauozUGG via @brasil247,negative
" @GABRlELPlNHElRO @erickpereiras E teve ovada anti-Lula na pra√ßa Coronel Bertaso em Chapec√≥ SC, tamb√©m hoje https://t.co‚Ä¶",negative
Lula est√° em Florian√≥polis e o povo est√° colocando a petezada pra correr. - Noticias Brasil Online https://t.co/LapBTmugsa,negative
 Eu vou e vc? https://t.co/Tvup2YJEKH,positive
" Uma cena como essa para a direita fascista, √© algo enlouquecedor. O povo tem lado. Essa foto n√£o √© no Nordeste e nem t√£o p‚Ä¶",neutral
 Chapec√≥ mobilizada para receber o presidente Lula! #LulaLivre #LulaPeloSul #LulaPorSC https://t.co/Q15ArgAq9N,positive
 Lula ontem no RGS https://t.co/bJ7mVP4bgn,neutral
A cara do Lula  daqui a pouco vai falar que o filho √© meu  https://t.co/2do8LH8WzO,negative
 eu sou o lula molusco se algum fav morrer em infinity war https://t.co/VA9tMgRmkI,negative
Retweeted Bolsonaro Presidente BR (@JoelAlexandreM):  @ValdirFerreirs @ramir_lima @Amorim_Qrv Cid e Ciro Gomes s√£o‚Ä¶ https://t.co/D12uB4JujV,positive
STF faz mais um favorzinho a Lula https://t.co/hewAYa4Tgl,negative
" Milhares de pessoas acompanharam o ex-Presidente Lula em ato pela educa√ß√£o,hj em Florian√≥polis - SCüòç  Foto: Ricardo Stuckert h‚Ä¶",positive
" O fervo em que o povo se encontra n√£o √© somente para prender Lula, mas sim para salvar a justi√ßa e ainda crer que vale a p‚Ä¶",negative
"ela mesma, a pr√≥pria lib√©lula √°cida https://t.co/mblxeQf2Ym",neutral
" Em √°udio gravado entre Lula e Jaques Wagner, Lula pede para Wagner  falar  com a Ministra Rosa Weber #VemPraRua3deAbril htt‚Ä¶",neutral
 Discurso do Lula em Bag√© deixa bem claro o futuro que quer para o Brasil.   Unificar a Am√©rica Latina em um regime comunis‚Ä¶,negative
" Lula chamou de ‚Äúignorantes‚Äù os que colocaram fogo em pneus para bloquear sua caravana. A turma do MST, da CUT, da UNE,‚Ä¶",negative
"Sabe qual foi a melhor de ontem 24/03? Lula sendo bloqueado no Sul do pa√≠s. Hahah Provou do pr√≥prio veneno, digo es‚Ä¶ https://t.co/3WYwDPYxkw",negative
" Uma multid√£o se aglomerou na tarde deste s√°bado (24) na pra√ßa 15 de Novembro, em Florian√≥polis (SC), para dar as boas v‚Ä¶",positive
BOLSONARO FALA DA IDEOLOGIA MAL√çGNA DA ESQUERDA NO BRASIL https://t.co/StowJ5s3Bk,negative
 Retweeted Ary ANTI PT (@Ary_AntiPT):  Florian√≥polis recebeu neste s√°bado o maior bandido da Am√©rica Latina  https://t.co‚Ä¶,negative
"Lula √© apenas uma MONTAGEM, com 30 √¥nibus repletos de **venezuelanos**, que mal sabem o idioma. Chegando nas Cidade‚Ä¶ https://t.co/hc6z1GzgJQ",negative
"Na outra rede social paga de a opressora 100% sou mulher e amo o Bolsonaro, tudo pra agrada macho  J√° aqui que o ba‚Ä¶ https://t.co/DAxopn54nm",negative
"Deve ser mentira, ou, pelo menos, um empregado de Lula escreveu isso, pra provocar as pessoas. Ignorem! https://t.co/CUAzBdGTV2",negative
Gostei de um v√≠deo @YouTube https://t.co/uWUP7Y5R1O da Lib√©lula - O Poder Oculto do Animal de Poder,negative